signal_date,symbol,group,score,entry,stop,target,rr,status,resolved_date,exit_price,exit_reason,ret,days_held
2026-09-09,AMD,Semis,93.18180930777852,521.0999755859375,506.3499786376953,562.3999670410157,2.8,closed,2026-09-10,506.3499786376953,stop,-0.0283055030498839,1.0
2026-09-09,COP,Energy,99.99999999987756,136.52999877929688,134.27299957275392,142.84959655761716,2.8,closed,2026-09-16,134.27299957275392,stop,-0.0165311596478619,7.0
2026-09-09,CVX,Energy,91.94899202267202,213.8099975585937,211.104997253418,221.38399841308595,2.8,closed,2026-09-16,211.104997253418,stop,-0.0126514210563722,7.0
2026-09-10,AMD,Semis,97.03086982215274,503.6000061035156,487.4040100097656,548.9487951660157,2.8,closed,2026-09-14,487.4040100097656,stop,-0.0321604366510291,4.0
2026-09-10,COP,Energy,99.99999999986191,137.0399932861328,135.16299438476562,142.29559020996095,2.8,closed,2026-09-16,135.16299438476562,stop,-0.0136967235356477,6.0
2026-09-10,CVX,Energy,97.22393710446693,212.759994506836,209.95099487304688,220.6251934814453,2.8,closed,2026-09-17,209.95099487304688,stop,-0.0132026682943858,7.0
2026-09-10,XLE,Energy,87.15962954006055,64.93000030517578,64.16200103759766,67.08039825439451,2.8,closed,2026-09-16,64.16200103759766,stop,-0.0118281112577924,6.0
2026-09-11,AMD,Semis,81.32282571894352,516.1300048828125,499.060009765625,563.9259912109375,2.8,closed,2026-09-14,499.060009765625,stop,-0.03307305321469,3.0
2026-09-11,COP,Energy,99.99999999987676,137.35000610351562,135.44400634765626,142.68680541992185,2.8,closed,2026-09-16,135.44400634765626,stop,-0.0138769542858475,5.0
2026-09-14,AMD,Semis,78.29384981110265,493.4100036621094,475.71800842285154,542.9475903320313,2.8,closed,2026-09-17,542.9475903320313,target,0.1003984238305909,3.0
2026-09-14,COP,Energy,99.9999999998884,136.6699981689453,134.8479965209961,141.7716027832031,2.8,closed,2026-09-16,134.8479965209961,stop,-0.0133313943978906,2.0
2026-09-14,CVX,Energy,75.79183161097583,212.1699981689453,209.30999908447265,220.1779956054688,2.8,closed,2026-09-17,209.30999908447265,stop,-0.0134797526000604,3.0
2026-09-14,XLE,Energy,92.0470262383542,64.52999877929688,63.74399948120117,66.73079681396484,2.8,closed,2026-09-16,63.74399948120117,stop,-0.0121803705712741,2.0
2026-09-15,AMD,Semis,92.44099144365298,504.2000122070313,487.67201538085936,550.4784033203125,2.8,closed,2026-09-17,550.4784033203125,target,0.0917857794384159,2.0
2026-09-15,COP,Energy,99.99999999984809,141.22000122070312,139.09400024414063,147.1728039550781,2.8,closed,2026-09-16,139.09400024414063,stop,-0.0150545316398908,1.0
2026-09-15,CVX,Energy,87.0404614608041,217.7700042724609,214.6700042724609,226.4500042724609,2.8,closed,2026-09-16,214.6700042724609,stop,-0.0142352019983499,1.0
2026-09-15,LRCX,Semis,77.97167586932785,270.8699951171875,258.8889984130859,304.41678588867194,2.8,closed,2026-09-21,304.41678588867194,target,0.1238483086949921,6.0
2026-09-15,QCOM,Semis,95.85177079572274,187.8000030517578,183.6439208984375,199.4370330810547,2.8,closed,2026-09-16,183.6439208984375,stop,-0.0221303625441097,1.0
2026-09-15,XLE,Energy,87.31789152336309,65.93000030517578,65.10900077819824,68.22879898071291,2.8,closed,2026-09-16,65.10900077819824,stop,-0.0124525940114866,1.0
2026-09-16,AMD,Semis,99.99999999982764,512.5,495.3170043945312,560.6123876953126,2.8,closed,2026-09-21,560.6123876953126,target,0.0938778296493904,5.0
2026-09-16,LRCX,Semis,83.40457640256618,269.2300109863281,257.2630157470703,302.73759765625,2.8,closed,2026-09-21,302.73759765625,target,0.1244571010013568,5.0
2026-09-16,META,Mag7,83.39098940324784,673.3099975585938,658.9289855957031,713.5768310546875,2.8,closed,2026-09-21,713.5768310546875,target,0.0598043006075958,5.0
2026-09-16,MU,Semis,83.79787303026622,926.5499877929688,897.3449890136719,1008.323984375,2.8,closed,2026-09-18,1008.323984375,target,0.0882564326365337,2.0
2026-09-17,AMD,Semis,99.99999999988384,545.0900268554688,525.0740264892578,601.1348278808595,2.8,closed,2026-09-21,601.1348278808595,target,0.1028175131889746,4.0
2026-09-17,META,Mag7,80.95016808637115,682.3099975585938,667.5329895019531,723.6856201171875,2.8,closed,2026-09-18,667.5329895019531,stop,-0.0216573230782414,1.0
2026-09-18,COP,Energy,98.51356795332332,131.8300018310547,128.9499984741211,139.89401123046878,2.8,closed,2026-09-21,128.9499984741211,stop,-0.0218463423874061,3.0
2026-09-18,CVX,Energy,99.99999999988788,209.509994506836,205.8629913330078,219.7216033935547,2.8,closed,2026-09-21,205.8629913330078,stop,-0.0174072992670962,3.0
2026-09-18,EOG,Energy,75.27021132550293,144.22999572753906,141.35799102783204,152.27160888671872,2.8,closed,2026-09-21,141.35799102783204,stop,-0.0199126727087508,3.0
2026-09-21,AMD,Semis,96.41917003573226,615.52001953125,590.0840240478516,686.7408068847656,2.8,closed,2026-09-28,607.8699951171875,time,-0.0124285549962914,7.0
2026-09-21,BTC-USD,Crypto,99.99999999985276,86602.9140625,84729.8109375,91847.6028125,2.8,closed,2026-09-23,84729.8109375,stop,-0.0216286385426731,2.0
2026-09-23,AMD,Semis,83.93049487416167,614.6099853515625,588.7989868164062,686.88078125,2.8,closed,2026-09-30,611.760009765625,time,-0.0046370473208424,7.0
2026-09-23,COP,Energy,99.99999999988984,128.08999633789062,125.30799255371092,135.87960693359378,2.8,closed,2026-09-29,125.30799255371092,stop,-0.0217191339192563,6.0
2026-09-23,XOM,Energy,88.21880373182597,161.22999572753906,158.10599670410156,169.97719299316407,2.8,closed,2026-09-30,162.75,time,0.0094275526436754,7.0
2026-09-24,AAPL,Mag7,81.89910888832631,335.9200134277344,331.2870178222656,348.89240112304685,2.8,closed,2026-09-29,331.2870178222656,stop,-0.0137919606462073,5.0
2026-09-24,AMD,Semis,99.99999999987692,629.260009765625,602.074008178711,705.3808142089842,2.8,closed,2026-09-28,602.074008178711,stop,-0.0432031293344697,4.0
2026-09-24,BTC-USD,Crypto,80.82864890985712,84379.0625,82538.346875,89533.06624999999,2.8,closed,2026-10-01,84853.1015625,time,0.005617970245877,7.0
2026-09-24,COP,Energy,82.12333852892621,129.33999633789062,126.53399200439452,137.19680847167967,2.8,closed,2026-09-28,126.53399200439452,stop,-0.0216947921211133,4.0
2026-09-24,META,Mag7,88.5173740916609,777.5900268554688,754.0934692382813,843.3803881835937,2.8,closed,2026-09-25,754.0934692382813,stop,-0.0302171540345061,1.0
2026-09-24,XOM,Energy,89.08889933509302,162.13999938964844,158.96500091552736,171.02999511718747,2.8,closed,2026-10-01,163.82000732421875,time,0.0103614650357373,7.0
2026-09-25,AMD,Semis,93.20191339384468,630.6300048828125,605.4480041503906,701.1396069335938,2.8,closed,2026-09-28,605.4480041503906,stop,-0.0399314979265875,3.0
2026-09-25,COP,Energy,99.99999999988287,127.3000030517578,124.13199920654296,136.17041381835938,2.8,closed,2026-09-29,124.13199920654296,stop,-0.0248861254459419,4.0
2026-09-25,QCOM,Semis,91.43771347834904,201.97000122070312,194.6909957885742,222.35121643066407,2.8,closed,2026-09-28,194.6909957885742,stop,-0.0360400326193728,3.0
2026-09-28,COP,Energy,88.97157216850185,126.04000091552734,122.82399673461914,135.0448126220703,2.8,closed,2026-10-05,128.39999389648438,time,0.0187241587100488,7.0
2026-09-28,META,Mag7,99.99999999988184,715.6199951171875,686.8636962890625,796.1376318359373,2.8,closed,2026-10-05,741.9000244140625,time,0.0367234418772374,7.0
2026-09-29,AMAT,Semis,78.09321073531112,512.010009765625,496.47801208496094,555.4996032714844,2.8,closed,2026-10-06,530.27001953125,time,0.0356633843427858,7.0
2026-09-29,KLAC,Semis,77.45504626178077,196.52999877929688,191.12399597167968,211.66680664062503,2.8,closed,2026-10-06,197.4600067138672,time,0.0047321423718864,7.0
2026-09-29,QCOM,Semis,86.02643292295305,184.1000061035156,175.8,207.3400231933593,2.8,closed,2026-10-06,181.02999877929688,time,-0.0166757589486038,7.0
2026-09-29,SLB,Energy,99.99999999987084,49.869998931884766,48.74399795532226,53.02280166625977,2.8,closed,2026-09-30,48.74399795532226,stop,-0.022578724697798,1.0
2026-09-30,AMAT,Semis,85.30359666414881,511.3800048828125,497.2690063476563,550.8908007812499,2.8,closed,2026-10-07,520.6500244140625,time,0.0181274579426982,7.0
2026-09-30,AMD,Semis,76.86834617261272,611.760009765625,589.9560028076172,672.8112292480469,2.8,closed,2026-10-07,645.8599853515625,time,0.055740772593164,7.0
2026-09-30,KLAC,Semis,89.42349427108614,194.92999267578125,189.9369903564453,208.9103991699219,2.8,closed,2026-10-07,196.8300018310547,time,0.0097471360317221,7.0
2026-09-30,LRCX,Semis,77.11185290157987,328.510009765625,318.79454040527344,355.7133239746093,2.8,closed,2026-10-07,329.510009765625,time,0.0030440472748865,7.0
2026-09-30,NVDA,Mag7,89.8951349212104,228.3800048828125,224.7100082397461,238.65599548339844,2.8,closed,2026-10-05,238.65599548339844,target,0.0449951413472418,5.0
2026-09-30,QCOM,Semis,99.99999999986584,184.0399932861328,175.78198699951173,207.16241088867184,2.8,closed,2026-10-07,175.78198699951173,stop,-0.0448707160827923,7.0
2026-09-30,SLB,Energy,99.04503902372424,48.720001220703125,47.5830005645752,51.90360305786133,2.8,closed,2026-10-07,47.959999084472656,time,-0.0155993866417949,7.0
2026-09-30,XLE,Energy,97.33601719200534,61.5,60.609799194335935,63.99256225585938,2.8,closed,2026-10-06,63.99256225585938,target,0.0405294675749493,6.0
2026-10-01,AMAT,Semis,86.13010016577417,529.2999877929688,513.6449890136719,573.133984375,2.8,closed,2026-10-08,513.6449890136719,stop,-0.0295767979224291,7.0
2026-10-01,KLAC,Semis,79.78993716483595,200.3300018310547,195.1429992675781,214.85360900878908,2.8,closed,2026-10-07,195.1429992675781,stop,-0.0258922903013347,6.0
2026-10-01,NVDA,Mag7,99.99999999988496,230.8600006103516,226.94900512695312,241.8107879638672,2.8,closed,2026-10-06,241.8107879638672,target,0.047434754069842,5.0
2026-10-01,QCOM,Semis,78.26800457848258,182.08999633789065,174.14598999023437,204.3332141113281,2.8,closed,2026-10-08,174.14598999023437,stop,-0.0436268137043354,7.0
2026-10-01,SLB,Energy,83.93270820282504,48.65999984741211,47.52199935913086,51.84640121459961,2.8,closed,2026-10-08,48.97999954223633,time,0.0065762370700302,7.0
2026-10-01,XLE,Energy,84.0344061632058,62.70000076293945,61.710676193237305,65.47010955810546,2.8,closed,2026-10-08,65.23999786376953,time,0.0405103200944682,7.0
2026-10-02,AMAT,Semis,89.22457009915139,540.0399780273438,526.5389801025391,577.8427722167968,2.8,closed,2026-10-06,526.5389801025391,stop,-0.0249999971745074,4.0
2026-10-02,KLAC,Semis,84.90617557800155,206.88999938964844,202.20199737548828,220.0164050292969,2.8,closed,2026-10-05,202.20199737548828,stop,-0.0226593940160972,3.0
2026-10-02,NVDA,Mag7,99.99999999986818,233.9499969482422,230.46300048828124,243.71358703613285,2.8,closed,2026-10-08,230.46300048828124,stop,-0.0149048792709853,6.0
2026-10-02,SLB,Energy,76.25460499477909,48.7400016784668,47.86800117492676,51.1816030883789,2.8,closed,2026-10-07,47.86800117492676,stop,-0.0178908591200415,5.0
2026-10-05,AMAT,Semis,88.58965314932367,542.280029296875,528.8590240478516,579.8588439941407,2.8,closed,2026-10-06,528.8590240478516,stop,-0.0247492153941667,1.0
2026-10-05,AMD,Semis,83.2418395395193,631.75,612.1190002441406,686.7167993164064,2.8,open,,,,,
2026-10-05,NVDA,Mag7,99.99999999989036,238.8999938964844,235.03899688720705,249.71078552246087,2.8,closed,2026-10-08,235.03899688720705,stop,-0.016161561774465,3.0
2026-10-05,TSM,Semis,76.13210085130598,485.7999877929688,477.1402893066406,510.0471435546875,2.8,closed,2026-10-07,477.1402893066406,stop,-0.0178256457470695,2.0
2026-10-06,AVGO,Semis,99.99999999988772,375.80999755859375,366.3422882080078,402.3195837402344,2.8,closed,2026-10-08,366.3422882080078,stop,-0.0251928086322658,2.0
2026-10-06,CVX,Energy,90.46656448930788,207.5800018310547,205.3460021972656,213.83520080566407,2.8,closed,2026-10-07,205.3460021972656,stop,-0.0107621139516479,1.0
2026-10-06,NVDA,Mag7,96.36464962038488,239.2400054931641,235.51800689697265,249.6616015625,2.8,closed,2026-10-08,235.51800689697265,stop,-0.0155575928387018,2.0
2026-10-06,XOM,Energy,98.093835130889,164.47999572753906,162.75999908447267,169.29598632812497,2.8,open,,,,,
2026-10-07,CVX,Energy,90.93621964205808,205.1499938964844,202.67599487304688,212.0771911621094,2.8,closed,2026-10-08,212.0771911621094,target,0.0337664999840084,1.0
2026-10-07,NVDA,Mag7,81.12378543107043,237.47000122070312,234.11500244140623,246.8639978027344,2.8,closed,2026-10-08,234.11500244140623,stop,-0.0141280951785517,1.0
2026-10-07,XOM,Energy,99.99999999989122,164.0500030517578,162.29200744628906,168.9723907470703,2.8,closed,2026-10-08,168.9723907470703,target,0.0300054105683831,1.0
2026-10-08,ETH-USD,Crypto,99.99999999985728,2471.91259765625,2431.0084228515625,2586.444287109375,2.8,open,,,,,
2026-10-08,NVDA,Mag7,80.43888110497197,230.47999572753903,226.7189971923828,241.0107916259766,2.8,open,,,,,
